rank	score	pert_desc	pert_id	cell_id	pert_dose	pert_dose_unit	pert_time	pert_time_unit	sig_id	pubchem_id	drugchem_id
1	0.0711	Homoharringtonine	BRD-K76674262	HA1E	10.0	um	24.0	h	CPC001_HA1E_24H:BRD-K76674262:10.0	285033	
2	0.0711	Narciclasine	BRD-K06792661	HA1E	10.0	um	24.0	h	CPC006_HA1E_24H:BRD-K06792661:10.0	72376	
3	0.066	ERYTHROSINE SODIUM	BRD-K14920963	HA1E	10.0	um	24.0	h	CPC004_HA1E_24H:BRD-K14920963:10.0	25162930	
4	0.0609	Emetine Dihydrochloride Hydrate (74)	BRD-K01976263	HA1E	0.63	um	24.0	h	CPC006_HA1E_24H:BRD-K01976263:0.63	11957493	
5	0.0508	EMETINE	BRD-A25687296	HA1E	10.0	um	24.0	h	CPC004_HA1E_24H:BRD-A25687296:10.0	5702048	
6	0.0508	NICLOSAMIDE	BRD-K35960502	HA1E	10.0	um	24.0	h	CPC006_HA1E_24H:BRD-K35960502:10.0	4477	
7	0.0508	-666	BRD-K56411643	VCAP	10.0	um	24.0	h	CPC006_VCAP_24H:BRD-K56411643:10.0	40911229	
8	0.0508	NP-004102	BRD-A14178283	SKB	10.0	um	24.0	h	CPC013_SKB_24H:BRD-A14178283:10.0	23986040	
9	0.0508	S1230	BRD-K87909389	VCAP	10.0	um	24.0	h	CPC013_VCAP_24H:BRD-K87909389:10.0	5287969	
10	0.0508	GDC-0980	BRD-A18328003	A375	0.37	um	24	h	LJP005_A375_24H:BRD-A18328003:0.37		
11	0.0457	Dibutyryl-cAMP, sodium salt	BRD-A04706586	COV644	10.0	um	6.0	h	CPC006_COV644_6H:BRD-A04706586:10.0	2460	
12	0.0457	METHYLENE BLUE	BRD-K16406336	HCC515	10.0	um	6.0	h	CPC006_HCC515_6H:BRD-K16406336:10.0	4139	
13	0.0457	Narciclasine	BRD-K06792661	SW948	10.0	um	6.0	h	CPC006_SW948_6H:BRD-K06792661:10.0	72376	
14	0.0457	T5212475	BRD-K62459624	VCAP	10.0	um	24.0	h	CPC012_VCAP_24H:BRD-K62459624:10.0	2416356	
15	0.0457	7910663	BRD-K03176945	ASC	10.0	um	24.0	h	CPC013_ASC_24H:BRD-K03176945:10.0	1242564	
16	0.0457	QL-XII-47	BRD-K99252563	BT20	0.37	um	24	h	LJP006_BT20_24H:BRD-K99252563:0.37	71748056	
17	0.0457	celastrol	BRD-A24396574	HME1	10	um	3	h	LJP006_HME1_3H:BRD-A24396574:10	73707365	
18	0.0406	Anisomycin	BRD-K91370081	HA1E	10.0	um	24.0	h	CPC002_HA1E_24H:BRD-K91370081:10.0	253602	
19	0.0406	EMETINE	BRD-A25687296	HA1E	10.0	um	6.0	h	CPC004_HA1E_6H:BRD-A25687296:10.0	5702048	
20	0.0406	ERYTHROSINE SODIUM	BRD-K14920963	HA1E	10.0	um	6.0	h	CPC004_HA1E_6H:BRD-K14920963:10.0	25162930	
21	0.0406	calyculin A	BRD-A47513740	HA1E	10.0	um	24.0	h	CPC005_HA1E_24H:BRD-A47513740:10.0	16760037	
22	0.0406	TENIPOSIDE	BRD-A35588707	A375	1.25	um	24.0	h	CPC006_A375_24H:BRD-A35588707:1.25	6708778	
23	0.0406	-666	BRD-K12184916	A375	0.63	um	24.0	h	CPC006_A375_24H:BRD-K12184916:0.63	11977753	
24	0.0406	TW 37	BRD-K28360340	A375	10.0	um	24.0	h	CPC006_A375_24H:BRD-K28360340:10.0	11455910	
25	0.0406	NICLOSAMIDE	BRD-K35960502	A375	10.0	um	24.0	h	CPC006_A375_24H:BRD-K35960502:10.0	4477	
26	0.0406	528116.cdx	BRD-K49371609	A375	0.09	um	24.0	h	CPC006_A375_24H:BRD-K49371609:0.09	10275789	
27	0.0406	Narciclasine	BRD-K06792661	HA1E	10.0	um	6.0	h	CPC006_HA1E_6H:BRD-K06792661:10.0	72376	
28	0.0406	Emetine Dihydrochloride Hydrate (74)	BRD-K01976263	MCF7	0.63	um	24.0	h	CPC006_MCF7_24H:BRD-K01976263:0.63	11957493	
29	0.0406	-666	BRD-K04853698	NCIH508	10.0	um	6.0	h	CPC006_NCIH508_6H:BRD-K04853698:10.0	25195294	
30	0.0406	curcumin	BRD-K74148702	NOMO1	48.0	um	6.0	h	CPC006_NOMO1_6H:BRD-K74148702:48.0	16760039	
31	0.0406	manumycin A	BRD-K78599730	SW948	9.08	um	6.0	h	CPC006_SW948_6H:BRD-K78599730:9.08	44483259	
32	0.0406	AZD8055	BRD-K69932463	TYKNU	10.0	um	6.0	h	CPC006_TYKNU_6H:BRD-K69932463:10.0	25262965	
33	0.0406	-666	BRD-A25337146	NPC	10.0	um	24.0	h	CPC014_NPC_24H:BRD-A25337146:10.0	24747642	
34	0.0406	GR-103	BRD-K89085489	NPC	10.0	um	24.0	h	CPC014_NPC_24H:BRD-K89085489:10.0	5288209	
35	0.0406	-666	BRD-A11605036	ASC	10.0	um	24.0	h	CPC015_ASC_24H:BRD-A11605036:10.0	72067	
36	0.0406	-666	BRD-K80348542	SKB	10.0	um	24.0	h	CPC016_SKB_24H:BRD-K80348542:10.0	442195	
37	0.0406	-666	BRD-K24132293	SKB	10.0	um	24.0	h	CPC017_SKB_24H:BRD-K24132293:10.0	637858	
38	0.0406	PD-0325901	BRD-K49865102	A375	0.37	um	24	h	LJP005_A375_24H:BRD-K49865102:0.37	9826528	
39	0.0406	BMS-387032	BRD-K43389698	BT20	0.12	um	24	h	LJP006_BT20_24H:BRD-K43389698:0.12	3025986	
40	0.0406	PHA-793887	BRD-K64800655	MCF10A	0.12	um	3	h	LJP006_MCF10A_3H:BRD-K64800655:0.12	46191454	
41	0.0355	-666	BRD-K80348542	HA1E	10.0	um	6.0	h	CPC002_HA1E_6H:BRD-K80348542:10.0	442195	
42	0.0355	Parthenolide	BRD-K81651477	A375	20.0	um	24.0	h	CPC006_A375_24H:BRD-K81651477:20.0	5420804	
43	0.0355	thiazolopyrimidine	BRD-A75517195	HA1E	40.0	um	24.0	h	CPC006_HA1E_24H:BRD-A75517195:40.0	5758458	
44	0.0355	Narciclasine	BRD-K06792661	HT29	10.0	um	24.0	h	CPC006_HT29_24H:BRD-K06792661:10.0	72376	
45	0.0355	HLI 373	BRD-K17349619	NOMO1	10.0	um	6.0	h	CPC006_NOMO1_6H:BRD-K17349619:10.0	435678	
46	0.0355	Parthenolide	BRD-K81651477	PL21	20.0	um	6.0	h	CPC006_PL21_6H:BRD-K81651477:20.0	5420804	
47	0.0355	MESORIDAZINE	BRD-A14395271	RKO	10.0	um	6.0	h	CPC006_RKO_6H:BRD-A14395271:10.0	4078	
48	0.0355	Narciclasine	BRD-K06792661	SW620	10.0	um	6.0	h	CPC006_SW620_6H:BRD-K06792661:10.0	72376	
49	0.0355	-666	BRD-K32536677	SW948	10.0	um	6.0	h	CPC006_SW948_6H:BRD-K32536677:10.0	2130404	
50	0.0355	AZD8055	BRD-K69932463	SW948	10.0	um	6.0	h	CPC006_SW948_6H:BRD-K69932463:10.0	25262965	
